{"text": "\u97f3\u58f0\u30e1\u30c3\u30bb\u30fc\u30b8\u304c\u65e2\u5b58\u306e\u30a6\u30a7\u30d6\u30b5\u30a4\u30c8\u3092\u8d85\u3048\u305f \u30b3\u30df\u30e5\u30cb\u30b1\u30fc\u30b7\u30e7\u30f3\u3092\u5b9f\u73fe\u76ee\u3067\u898b\u308b\u3060\u3051\u3060\u3063\u305f\u30a6\u30a7\u30d6\u30b5\u30a4\u30c8\u306b \u97f3\u58f0\u60c5\u5831\u3092\u30a4\u30f3\u30af\u30eb\u30fc\u30c9\u3059\u308b\u3053\u3068\u3067\u60c5\u5831\u306b\u65b0\u3057\u3044\u4fa1\u5024\u3092\u4e0e\u3048 \u30bf\u30b7\u30e3\u30c8\u306e\u5dee\u5225\u5316\u306b\u52b9\u679c\u3092\u767a\u63ee\u3057\u307e\u3059\u307e\u305f\u6587\u5b57\u3084\u30b0\u30e9\u30d5\u30a3\u30c3\u30af\u3060\u3051\u3067\u306f \u4f1d\u3048\u308b\u3053\u3068\u306e\u96e3\u3057\u304b\u3063\u305f\u611f\u60c5\u3084\u30cb\u30e5\u30a2\u30f3\u30b9\u3092\u8868\u73fe\u3057 \u30e6\u30fc\u30b6\u30fc\u306e\u8208\u5473\u3068\u7406\u89e3\u3092\u6df1\u3081\u307e\u3059\u898b\u308b\u3001\u52b9\u304f\u3001\u7406\u89e3\u3059\u308b\u30a6\u30a7\u30d6\u30b5\u30a4\u30c8\u3078\u97f3\u58f0\u30e1\u30c3\u30bb\u30fc\u30b8\u304c\u4eba\u306e\u5fc3\u3092\u52d5\u304b\u3057\u307e\u3059", "segments": [{"id": 0, "seek": 0, "start": 0.0, "end": 4.96, "text": "\u97f3\u58f0\u30e1\u30c3\u30bb\u30fc\u30b8\u304c\u65e2\u5b58\u306e\u30a6\u30a7\u30d6\u30b5\u30a4\u30c8\u3092\u8d85\u3048\u305f \u30b3\u30df\u30e5\u30cb\u30b1\u30fc\u30b7\u30e7\u30f3\u3092\u5b9f\u73fe", "tokens": [18034, 32045, 21647, 8276, 31223, 44143, 5142, 4479, 95, 39781, 2972, 20745, 28571, 28889, 23607, 8040, 7588, 5998, 19869, 6474, 3368, 220, 18066, 23196, 26167, 34737, 32639, 3384, 43891, 4824, 5998, 33197, 9581], "temperature": 0.0, "avg_logprob": -0.21428253830120128, "compression_ratio": 1.6666666666666667, "no_speech_prob": 0.06384742259979248}, {"id": 1, "seek": 0, "start": 4.96, "end": 9.4, "text": "\u76ee\u3067\u898b\u308b\u3060\u3051\u3060\u3063\u305f\u30a6\u30a7\u30d6\u30b5\u30a4\u30c8\u306b \u97f3\u58f0\u60c5\u5831\u3092\u30a4\u30f3\u30af\u30eb\u30fc\u30c9\u3059\u308b\u3053\u3068\u3067", "tokens": [11386, 2474, 10470, 4895, 36215, 5362, 10102, 20745, 28571, 28889, 23607, 8040, 7588, 4108, 220, 18034, 32045, 10570, 17803, 5998, 8040, 4824, 10825, 9405, 44165, 22570, 13235, 2474], "temperature": 0.0, "avg_logprob": -0.21428253830120128, "compression_ratio": 1.6666666666666667, "no_speech_prob": 0.06384742259979248}, {"id": 2, "seek": 0, "start": 9.4, "end": 14.040000000000001, "text": "\u60c5\u5831\u306b\u65b0\u3057\u3044\u4fa1\u5024\u3092\u4e0e\u3048 \u30bf\u30b7\u30e3\u30c8\u306e\u5dee\u5225\u5316\u306b\u52b9\u679c\u3092\u767a\u63ee\u3057\u307e\u3059", "tokens": [10570, 17803, 4108, 12560, 17121, 3254, 94, 2122, 97, 5998, 940, 236, 6474, 220, 12144, 11054, 17233, 7588, 2972, 21679, 16158, 23756, 4108, 5087, 117, 9319, 5998, 44756, 11673, 106, 17048], "temperature": 0.0, "avg_logprob": -0.21428253830120128, "compression_ratio": 1.6666666666666667, "no_speech_prob": 0.06384742259979248}, {"id": 3, "seek": 0, "start": 14.040000000000001, "end": 17.84, "text": "\u307e\u305f\u6587\u5b57\u3084\u30b0\u30e9\u30d5\u30a3\u30c3\u30af\u3060\u3051\u3067\u306f \u4f1d\u3048\u308b\u3053\u3068\u306e\u96e3\u3057\u304b\u3063\u305f", "tokens": [24712, 17174, 22381, 7355, 23839, 11353, 17320, 26760, 28551, 36215, 16719, 220, 7384, 251, 44547, 13235, 2972, 21192, 2849, 25785], "temperature": 0.0, "avg_logprob": -0.21428253830120128, "compression_ratio": 1.6666666666666667, "no_speech_prob": 0.06384742259979248}, {"id": 4, "seek": 0, "start": 17.84, "end": 22.36, "text": "\u611f\u60c5\u3084\u30cb\u30e5\u30a2\u30f3\u30b9\u3092\u8868\u73fe\u3057 \u30e6\u30fc\u30b6\u30fc\u306e\u8208\u5473\u3068\u7406\u89e3\u3092\u6df1\u3081\u307e\u3059", "tokens": [9709, 10570, 7355, 34737, 26167, 12817, 4824, 9550, 5998, 17571, 9581, 2849, 15096, 99, 3384, 824, 114, 3384, 2972, 44089, 17268, 3193, 13876, 17278, 5998, 24043, 11429, 5368], "temperature": 0.0, "avg_logprob": -0.21428253830120128, "compression_ratio": 1.6666666666666667, "no_speech_prob": 0.06384742259979248}, {"id": 5, "seek": 0, "start": 22.36, "end": 25.28, "text": "\u898b\u308b\u3001\u52b9\u304f\u3001\u7406\u89e3\u3059\u308b\u30a6\u30a7\u30d6\u30b5\u30a4\u30c8\u3078", "tokens": [10470, 4895, 1231, 5087, 117, 6134, 1231, 13876, 17278, 22570, 20745, 28571, 28889, 23607, 8040, 7588, 29440], "temperature": 0.0, "avg_logprob": -0.21428253830120128, "compression_ratio": 1.6666666666666667, "no_speech_prob": 0.06384742259979248}, {"id": 6, "seek": 2528, "start": 25.28, "end": 30.240000000000002, "text": "\u97f3\u58f0\u30e1\u30c3\u30bb\u30fc\u30b8\u304c\u4eba\u306e\u5fc3\u3092\u52d5\u304b\u3057\u307e\u3059", "tokens": [50364, 18034, 32045, 21647, 8276, 31223, 44143, 5142, 4035, 2972, 7945, 5998, 12572, 3703, 17048, 50612], "temperature": 0.0, "avg_logprob": -0.2682663693147547, "compression_ratio": 0.8225806451612904, "no_speech_prob": 5.837494973093271e-05}], "language": "ja"}